,City,Country,Lat,Lng,Max Temp,Humidity,Cloudiness,Wind Speed,Current Description
0,Erdenet,MN,49.0333,104.0833,21.11,71,100,16.51,overcast clouds
1,Jamestown,US,42.097,-79.2353,71.6,28,1,12.66,clear sky
2,Bethel,US,41.3712,-73.414,64.0,78,62,6.58,broken clouds
3,Faanui,PF,-16.4833,-151.75,82.27,70,59,9.6,broken clouds
4,Avarua,CK,-21.2078,-159.775,82.4,78,40,8.05,scattered clouds
5,Svetlogorsk,BY,52.6333,29.7333,40.59,70,11,8.81,few clouds
6,Hamilton,US,39.1834,-84.5333,62.01,88,90,11.5,mist
7,Mumford,GH,5.2618,-0.759,80.8,87,61,8.72,broken clouds
8,Niquelandia,BR,-14.4739,-48.4597,71.15,80,33,2.01,scattered clouds
9,Siniscola,IT,40.5719,9.6922,59.0,77,0,8.05,clear sky
10,Yellowknife,CA,62.456,-114.3525,10.99,48,40,10.36,scattered clouds
11,Carnarvon,AU,-24.8667,113.6333,78.8,83,99,19.57,overcast clouds
12,Hobart,AU,-42.8794,147.3294,46.0,81,75,17.27,moderate rain
13,Norman Wells,CA,65.282,-126.8329,-5.8,71,90,10.36,light snow
14,Libourne,FR,44.9167,-0.25,55.99,94,90,10.36,mist
15,Chokurdakh,RU,70.6333,147.9167,-16.74,99,100,1.28,overcast clouds
16,Hermanus,ZA,-34.4187,19.2345,60.01,92,100,2.93,overcast clouds
17,Lokosovo,RU,61.1333,74.8167,33.03,99,100,1.19,light rain
18,Comodoro Rivadavia,AR,-45.8667,-67.5,57.2,58,0,24.16,clear sky
19,Lompoc,US,34.6391,-120.4579,60.8,55,39,18.41,scattered clouds
20,Thompson,CA,55.7435,-97.8558,39.2,56,40,8.05,scattered clouds
21,Puerto Colombia,CO,10.9878,-74.9547,78.8,89,40,5.75,scattered clouds
22,Kintampo,GH,8.0563,-1.7306,81.63,60,100,7.05,moderate rain
23,Mataura,NZ,-46.1927,168.8643,62.01,86,63,8.99,broken clouds
24,Airai,TL,-8.9266,125.4092,62.94,75,90,1.5,overcast clouds
25,Puerto Ayora,EC,-0.7393,-90.3518,78.8,83,40,8.05,light rain
26,Victoria,HK,22.2855,114.1577,71.01,81,65,1.99,broken clouds
27,Qaanaaq,GL,77.484,-69.3632,16.48,86,100,4.23,light snow
28,Rikitea,PF,-23.1203,-134.9692,78.96,71,0,9.33,clear sky
29,Yenagoa,NG,4.9247,6.2642,78.57,86,68,3.98,broken clouds
30,New Norfolk,AU,-42.7826,147.0587,46.0,90,99,7.96,light rain
31,Grindavik,IS,63.8424,-22.4338,33.8,100,90,11.5,light rain
32,Punta Arenas,CL,-53.15,-70.9167,48.2,71,40,16.11,scattered clouds
33,Tuktoyaktuk,CA,69.4541,-133.0374,-11.2,70,1,11.5,clear sky
34,Bluff,NZ,-46.6,168.3333,62.01,86,85,8.99,overcast clouds
35,San Andres,CO,12.5847,-81.7006,82.4,78,90,4.61,overcast clouds
36,Ithaca,US,42.4406,-76.4966,69.8,52,1,11.5,clear sky
37,Kapaa,US,22.0752,-159.319,75.2,57,75,12.66,broken clouds
38,Busselton,AU,-33.65,115.3333,59.0,89,100,1.01,light rain
39,Butaritari,KI,3.0707,172.7902,81.99,77,99,14.65,overcast clouds
40,Marzuq,YE,14.4,46.4667,66.87,21,0,6.17,clear sky
41,Port Alfred,ZA,-33.5906,26.891,70.34,90,90,1.95,overcast clouds
42,Ponta Do Sol,PT,32.6667,-17.1,60.01,72,93,1.01,overcast clouds
43,Mingaora,PK,34.7758,72.3625,59.77,46,79,6.26,broken clouds
44,Gandajika,CD,-6.75,23.95,64.72,97,95,4.16,overcast clouds
45,Hithadhoo,MV,-0.6,73.0833,83.32,69,56,12.88,broken clouds
46,Hasaki,JP,35.7333,140.8333,52.0,66,20,8.05,few clouds
47,Hilo,US,19.7297,-155.09,78.8,53,20,8.05,few clouds
48,Sibiti,CG,-3.6819,13.3499,69.98,97,100,1.36,overcast clouds
49,Cha Grande,BR,-8.2383,-35.4617,73.4,94,75,6.89,moderate rain
50,Dzhankoy,UA,45.7167,34.4,44.33,60,85,11.68,overcast clouds
51,Novobiryusinskiy,RU,56.9578,97.7076,18.18,89,10,1.03,clear sky
52,Qaqortoq,GL,60.7167,-46.0333,37.4,75,48,2.3,scattered clouds
53,Caborca,MX,30.5838,-111.101,93.99,7,10,5.01,clear sky
54,Haines Junction,CA,60.7522,-137.5108,10.4,24,97,5.75,overcast clouds
55,Harnosand,SE,62.6323,17.9379,28.99,86,1,11.14,clear sky
56,Vaini,TO,-21.2,-175.2,80.6,74,20,9.22,few clouds
57,Samana,DO,19.2056,-69.3369,78.8,78,20,9.1,few clouds
58,Cidreira,BR,-30.1811,-50.2056,75.24,80,100,10.09,moderate rain
59,Belmonte,BR,-15.8631,-38.8828,77.0,83,40,3.44,scattered clouds
60,Kodinsk,RU,58.6881,99.1844,12.16,94,13,2.21,few clouds
61,Bolshevik,BY,54.0065,27.5692,46.4,57,0,6.71,clear sky
62,Fortuna,US,40.5982,-124.1573,57.0,54,20,19.57,few clouds
63,Los Llanos De Aridane,ES,28.6585,-17.9182,64.4,72,0,5.75,clear sky
64,Flin Flon,CA,54.7682,-101.865,42.8,45,75,6.91,broken clouds
65,Mount Gambier,AU,-37.8333,140.7667,53.6,66,75,21.85,broken clouds
66,Ushuaia,AR,-54.8,-68.3,50.0,57,40,5.75,scattered clouds
67,Shaoyang,CN,27.2315,111.4525,55.58,95,100,2.1,overcast clouds
68,Kenai,US,60.5544,-151.2583,24.8,38,1,12.66,clear sky
69,Waipawa,NZ,-41.4122,175.5153,66.2,77,75,18.41,broken clouds
70,Maragogi,BR,-9.0122,-35.2225,77.59,88,99,9.98,overcast clouds
71,Idenao,CM,4.2475,9.0047,79.0,91,100,1.97,light rain
72,Primorsk,UA,46.7348,36.3443,45.68,59,45,13.82,scattered clouds
73,Atbasar,KZ,51.8,68.3333,28.2,90,6,9.86,clear sky
74,Lata,PT,40.1629,-8.3327,57.99,95,44,1.32,scattered clouds
75,Faya,SA,18.3851,42.4509,62.6,23,20,5.75,few clouds
76,Komsomolskiy,UZ,40.4272,71.7189,55.4,41,1,9.22,clear sky
77,Muros,ES,42.7762,-9.0603,54.0,81,99,14.36,overcast clouds
78,Sioux Lookout,CA,50.1001,-91.917,39.2,93,90,5.75,overcast clouds
79,Serpa,PT,37.9458,-7.5975,57.2,94,40,8.05,scattered clouds
80,Nanortalik,GL,60.1432,-45.2371,34.84,86,87,11.43,overcast clouds
81,Arraial Do Cabo,BR,-22.9661,-42.0278,76.39,64,0,13.02,clear sky
82,Mont-De-Marsan,FR,44.0,-0.6667,55.4,82,75,2.71,broken clouds
83,Hambantota,LK,6.1241,81.1185,78.35,79,6,3.56,clear sky
84,Longyearbyen,SJ,78.2186,15.6401,21.2,63,75,19.57,broken clouds
85,Cururupu,BR,-1.8283,-44.8683,75.09,95,63,3.04,broken clouds
86,Paramonga,PE,-10.6667,-77.8333,70.5,85,69,5.32,broken clouds
87,Klaksvik,FO,62.2266,-6.589,28.4,86,40,14.97,light rain
88,Pisco,PE,-13.7,-76.2167,70.0,73,20,17.27,few clouds
89,Tarakan,ID,3.3,117.6333,78.8,94,20,2.3,few clouds
90,Khilok,RU,51.3674,110.4676,23.47,59,100,7.85,overcast clouds
91,Pevek,RU,69.7008,170.3133,-13.85,92,68,1.66,broken clouds
92,Atuona,PF,-9.8,-139.0333,80.98,71,66,16.35,broken clouds
93,Severo-Kurilsk,RU,50.6789,156.125,30.4,73,79,22.91,broken clouds
94,Albany,US,42.6001,-73.9662,73.0,52,75,8.05,broken clouds
95,Barrow,US,71.2906,-156.7887,-7.6,71,1,11.5,clear sky
96,Nagaur,IN,27.2,73.7333,76.68,11,12,8.95,few clouds
97,Itarema,BR,-2.9248,-39.9167,80.49,80,41,13.6,scattered clouds
98,Maldonado,UY,-34.6667,-54.9167,69.8,94,90,5.75,overcast clouds
99,Salalah,OM,17.0151,54.0924,80.6,74,40,1.14,scattered clouds
100,Nelson Bay,AU,-32.7167,152.15,66.0,55,40,18.41,scattered clouds
101,Alta Floresta,BR,-9.8756,-56.0861,73.69,93,61,3.18,broken clouds
102,Kavaratti,IN,10.5669,72.642,82.11,72,10,5.44,clear sky
103,Provideniya,RU,64.3833,-173.3,2.77,77,100,22.79,overcast clouds
104,Khatanga,RU,71.9667,102.5,15.3,86,100,13.4,overcast clouds
105,Mar Del Plata,AR,-38.0023,-57.5575,66.2,82,90,16.11,moderate rain
106,Araceli,PH,10.5529,119.9913,82.56,74,83,21.27,broken clouds
107,Georgetown,MY,5.4112,100.3354,79.0,100,20,5.26,few clouds
108,Severo-Yeniseyskiy,RU,60.3725,93.0408,20.57,96,73,3.74,broken clouds
109,Cabo San Lucas,MX,22.8909,-109.9124,80.6,54,20,9.22,few clouds
110,Srandakan,ID,-7.9386,110.2506,77.86,86,92,3.13,overcast clouds
111,Nikolskoye,RU,59.7035,30.7861,37.0,74,0,4.47,clear sky
112,Port Elizabeth,ZA,-33.918,25.5701,64.4,94,75,2.66,broken clouds
113,Kajaani,FI,64.2273,27.7285,30.2,93,20,9.22,few clouds
114,Marathon,US,44.9,-89.7668,53.6,66,90,8.05,overcast clouds
115,Tual,ID,-5.6667,132.75,83.46,62,100,7.58,overcast clouds
116,Halden,NO,59.1226,11.3871,37.0,51,4,3.44,clear sky
117,Namibe,AO,-15.1961,12.1522,78.75,71,27,4.23,light rain
118,Bengkulu,ID,-3.8004,102.2655,74.97,88,61,4.09,broken clouds
119,Boyolangu,ID,-8.1181,111.8935,75.69,91,73,1.48,broken clouds
120,Umea,SE,63.8284,20.2597,26.6,86,58,5.75,broken clouds
121,Jinchang,CN,38.4953,102.1739,47.88,35,99,4.29,overcast clouds
122,Mponela,MW,-13.5319,33.7401,60.8,88,0,3.44,clear sky
123,Iquique,CL,-20.2208,-70.1431,66.2,68,75,8.05,broken clouds
124,Tiksi,RU,71.6872,128.8694,-8.66,93,41,5.59,scattered clouds
125,Bossangoa,CF,6.4926,17.4552,73.99,73,62,5.06,broken clouds
126,Maracay,VE,10.2469,-67.5958,77.97,75,100,5.99,overcast clouds
127,Dongsheng,CN,39.8161,109.9776,45.41,79,100,13.04,overcast clouds
128,Cape Town,ZA,-33.9258,18.4232,64.0,88,0,10.36,clear sky
129,Aklavik,CA,68.2191,-135.0107,-0.4,50,20,8.05,few clouds
130,Soyo,AO,-6.1349,12.3689,79.23,84,93,4.63,overcast clouds
131,Olga,RU,43.7444,135.2892,45.9,42,4,3.42,clear sky
132,Henties Bay,NA,-22.116,14.2845,73.53,54,0,8.28,clear sky
133,Mahebourg,MU,-20.4081,57.7,78.8,78,75,11.5,light rain
134,Paratinga,BR,-12.6906,-43.1842,80.55,50,100,6.2,overcast clouds
135,Upernavik,GL,72.7868,-56.1549,16.21,91,98,6.93,overcast clouds
136,Mangrol,IN,21.1167,70.1167,77.74,68,0,11.95,clear sky
137,Oktyabrskoye,RU,43.0645,44.7417,41.0,100,99,4.47,overcast clouds
138,Saint-Philippe,RE,-21.3585,55.7679,78.8,78,0,4.61,clear sky
139,Codrington,AU,-38.2667,141.9667,52.48,64,100,21.88,overcast clouds
140,Narsaq,GL,60.9167,-46.05,37.4,75,27,2.3,scattered clouds
141,La Ronge,CA,55.1001,-105.2842,41.0,75,92,9.22,overcast clouds
142,San Jeronimo,PE,-11.9472,-75.2829,51.58,86,97,7.11,light rain
143,Srednekolymsk,RU,67.45,153.6833,-7.92,92,100,8.57,overcast clouds
144,Rio Gallegos,AR,-51.6226,-69.2181,53.6,43,0,13.8,clear sky
145,Luwuk,ID,-0.9516,122.7875,78.55,82,100,2.33,overcast clouds
146,Esperanca,BR,-7.0331,-35.8572,73.4,88,0,4.61,clear sky
147,Novo Aripuana,BR,-5.1206,-60.3797,74.46,97,85,1.88,light rain
148,Inhambane,MZ,-23.865,35.3833,72.84,83,1,5.93,clear sky
149,Sinnamary,GF,5.3833,-52.95,78.26,84,76,7.14,moderate rain
150,Arlit,NE,18.7369,7.3853,84.04,7,0,11.39,clear sky
151,Vestmannaeyjar,IS,63.4427,-20.2734,37.18,94,100,6.87,overcast clouds
152,Coihaique,CL,-45.5752,-72.0662,48.2,76,75,7.09,broken clouds
153,Cayenne,GF,4.9333,-52.3333,75.2,94,75,3.44,light rain
154,Paris,FR,48.8534,2.3488,48.99,93,90,8.05,overcast clouds
155,Sao Joao Da Barra,BR,-21.6403,-41.0511,74.61,66,1,8.75,clear sky
156,East London,ZA,-33.0153,27.9116,70.14,91,77,3.18,broken clouds
157,Pergamino,AR,-33.89,-60.5736,68.0,99,100,3.0,light rain
158,Ilulissat,GL,69.2167,-51.1,21.2,79,90,4.76,overcast clouds
159,Lagoa,PT,39.05,-27.9833,59.59,94,100,20.49,overcast clouds
160,Plaster Rock,CA,46.9065,-67.39,51.8,30,90,13.8,overcast clouds
161,Jizan,SA,17.3333,42.6667,80.6,61,0,2.55,clear sky
162,Ancud,CL,-41.8697,-73.8203,53.01,100,90,13.8,light rain
163,Broome,US,42.2506,-75.833,68.0,49,1,8.05,clear sky
164,Castro,BR,-24.7911,-50.0119,61.88,63,0,2.86,clear sky
165,Mayor Pablo Lagerenza,PY,-19.9309,-60.7718,84.65,54,84,9.75,broken clouds
166,Prince Rupert,CA,54.3161,-130.3201,41.0,93,90,8.05,light snow
167,Geraldton,AU,-28.7667,114.6,71.6,68,90,17.27,overcast clouds
168,Pelileo,EC,-1.3167,-78.5333,75.2,67,40,10.36,scattered clouds
169,Yelizovo,RU,53.1873,158.3805,35.6,48,0,4.47,clear sky
170,Qeshm,IR,26.9581,56.2719,77.0,78,1,6.91,clear sky
171,Margate,GB,51.3813,1.3862,41.0,72,100,8.01,overcast clouds
172,Conil,FR,44.9673,3.7177,37.47,94,100,6.62,overcast clouds
173,Kodiak,US,57.79,-152.4072,35.6,64,90,10.36,overcast clouds
174,Barranca,PE,-10.75,-77.7667,69.87,83,68,5.06,broken clouds
175,Torbay,CA,47.6666,-52.7314,33.01,100,90,18.41,snow
176,Alofi,NU,-19.0595,-169.9187,82.4,78,6,8.05,light rain
177,Hanmer Springs,NZ,-42.5167,172.8167,63.66,58,70,6.04,broken clouds
178,Tateyama,JP,34.9833,139.8667,55.4,62,20,16.11,few clouds
179,Nioaque,BR,-21.1353,-55.83,82.36,50,21,3.4,few clouds
180,Fare,PF,-16.7,-151.0167,82.2,74,38,11.12,scattered clouds
181,Tasiilaq,GL,65.6145,-37.6368,23.0,74,2,3.44,clear sky
182,Barcelos,PT,41.5388,-8.6151,55.99,94,40,3.53,scattered clouds
183,Caldwell,US,43.6629,-116.6874,61.0,21,1,18.41,clear sky
184,Shubarshi,KZ,48.5872,57.1869,44.69,70,43,12.64,scattered clouds
185,Ust-Nera,RU,64.5667,143.2,-4.9,92,98,9.6,overcast clouds
186,Vostok,RU,46.4856,135.8833,41.45,46,73,5.37,broken clouds
187,Poum,NC,-20.2333,164.0167,79.12,80,95,12.75,overcast clouds
188,Thunder Bay,CA,48.4001,-89.3168,51.8,71,90,8.05,overcast clouds
189,Portland,US,45.5234,-122.6762,52.0,40,75,11.5,broken clouds
190,Mantsala,FI,60.6609,25.2838,36.0,77,5,5.99,clear sky
191,Humboldt,US,40.6665,-123.9178,57.0,54,20,19.57,few clouds
192,Hoquiam,US,46.9809,-123.8893,48.99,61,20,18.41,few clouds
193,Mut,TR,36.6439,33.4389,40.93,73,71,18.23,broken clouds
194,Idil,TR,37.3411,41.8895,46.08,66,0,3.69,clear sky
195,Eucaliptus,BO,-17.5833,-67.5167,53.01,61,99,13.09,overcast clouds
196,Tabou,CI,4.423,-7.3528,79.83,84,100,7.47,overcast clouds
197,Harper,LR,4.375,-7.7169,80.58,82,99,7.31,overcast clouds
198,Pedernales,DO,18.0384,-71.744,78.71,67,79,10.04,broken clouds
199,Tilichiki,RU,60.4667,166.1,9.43,83,100,20.07,overcast clouds
200,Vardo,NO,70.3705,31.1107,19.4,68,0,25.32,clear sky
201,Tutoia,BR,-2.7619,-42.2744,78.53,88,85,9.22,overcast clouds
202,Westport,US,41.1415,-73.3579,63.0,72,1,3.44,clear sky
203,Zhigansk,RU,66.7697,123.3711,-3.57,82,1,15.77,clear sky
204,Port Lincoln,AU,-34.7333,135.8667,59.34,61,93,14.92,overcast clouds
205,Ayan,RU,56.45,138.1667,27.09,92,100,8.68,light snow
206,Krasnozatonskiy,RU,61.6758,50.9794,32.0,59,0,6.71,clear sky
207,Sao Filipe,CV,14.8961,-24.4956,75.24,65,21,12.73,few clouds
208,Ostrovnoy,RU,68.0531,39.5131,31.42,85,39,23.89,scattered clouds
209,Polewali,ID,-3.4324,119.3435,77.38,82,96,2.64,overcast clouds
210,Arman,RU,59.7,150.1667,14.95,60,78,12.03,broken clouds
211,Itumba,TZ,-9.4,33.1833,61.77,99,100,1.86,moderate rain
212,Kirs,RU,59.3388,52.2447,34.03,99,100,1.21,overcast clouds
213,Manacapuru,BR,-3.2997,-60.6206,78.8,94,20,3.44,few clouds
214,Yar-Sale,RU,66.8333,70.8333,28.31,93,82,12.5,broken clouds
215,Kidal,ML,18.4411,1.4078,86.7,9,0,8.37,clear sky
216,Husavik,IS,66.0449,-17.3389,24.8,63,0,6.91,clear sky
217,Fairlie,GB,55.756,-4.8556,33.01,90,91,9.84,light snow
218,Chuy,UY,-33.6971,-53.4616,68.38,93,100,12.73,moderate rain
219,Verkhnevilyuysk,RU,63.4453,120.3167,6.1,91,100,8.1,overcast clouds
220,Saldanha,ZA,-33.0117,17.9442,60.8,88,100,11.5,overcast clouds
221,Podzvizd,BA,45.1742,15.8736,46.99,77,75,1.01,broken clouds
222,Camacha,PT,33.0833,-16.3333,64.4,88,40,8.05,scattered clouds
223,Bredasdorp,ZA,-34.5322,20.0403,53.6,100,100,1.77,overcast clouds
224,Tezu,IN,27.9167,96.1667,65.43,86,82,5.97,broken clouds
225,Marsh Harbour,BS,26.5412,-77.0636,76.14,66,2,15.86,clear sky
226,Katsuura,JP,35.1333,140.3,53.01,62,20,9.22,few clouds
227,Oussouye,SN,12.485,-16.5469,75.2,88,0,2.3,clear sky
228,Esperance,AU,-33.8667,121.9,57.2,88,98,10.36,overcast clouds
229,Richards Bay,ZA,-28.783,32.0377,69.22,87,0,9.62,clear sky
230,Bjornevatn,NO,69.6672,29.9847,23.0,63,55,13.8,broken clouds
231,Jiayuguan,CN,39.8167,98.3,47.73,46,86,7.76,overcast clouds
232,Lorengau,PG,-2.0226,147.2712,81.66,83,100,15.5,overcast clouds
233,Bubaque,GW,11.2833,-15.8333,77.32,72,18,16.42,few clouds
234,Tromso,NO,69.6496,18.957,33.8,93,75,23.02,light snow
235,Touros,BR,-5.1989,-35.4608,77.0,88,40,4.61,scattered clouds
236,Gambiran,ID,-6.7988,111.4951,76.44,89,100,3.4,overcast clouds
237,Cherskiy,RU,68.75,161.3,-8.55,81,73,2.35,broken clouds
238,Dikson,RU,73.5069,80.5464,18.84,90,92,22.48,overcast clouds
239,Mogadishu,SO,2.0371,45.3438,82.17,74,48,10.36,scattered clouds
240,Jalu,LY,29.0331,21.5482,58.73,27,64,8.79,broken clouds
241,Karla,EE,59.3723,24.9275,36.0,87,0,12.66,clear sky
242,Khorinsk,RU,52.1657,109.7726,21.45,64,46,4.94,scattered clouds
243,Shimoda,JP,34.6667,138.95,55.4,62,20,16.11,few clouds
244,Grand Gaube,MU,-20.0064,57.6608,79.0,74,98,5.01,overcast clouds
245,Usakos,NA,-22.0,15.6,74.26,35,0,9.89,clear sky
246,Kulhudhuffushi,MV,6.6221,73.07,82.33,69,4,3.11,clear sky
247,Kitgum,UG,3.2783,32.8867,68.31,86,95,4.56,overcast clouds
248,Plettenberg Bay,ZA,-34.0527,23.3716,62.24,77,100,1.43,overcast clouds
249,Moindou,NC,-21.6924,165.677,77.0,94,90,6.91,mist
250,Buala,SB,-8.145,159.5921,83.1,71,100,4.09,light rain
251,Soubre,CI,5.7856,-6.6083,76.6,85,99,3.89,overcast clouds
252,Daru,PG,-9.0763,143.2092,80.28,80,41,2.3,scattered clouds
253,Acandi,CO,8.5063,-77.2778,79.11,82,89,3.42,overcast clouds
254,Tigil,RU,57.8,158.6667,16.21,90,97,5.37,overcast clouds
255,Dinajpur,BD,25.6272,88.6386,76.5,69,0,8.39,clear sky
256,Kudahuvadhoo,MV,2.6708,72.8944,82.51,74,22,10.85,few clouds
257,Walvis Bay,NA,-22.9575,14.5053,81.48,32,0,6.44,clear sky
258,Constitucion,CL,-35.3333,-72.4167,53.94,81,0,12.1,clear sky
259,Umm Kaddadah,SD,13.6017,26.6876,75.43,10,7,16.24,clear sky
260,Saint-Denis,FR,48.9167,2.3333,48.0,93,90,6.91,light intensity drizzle
261,Kropotkin,RU,45.4375,40.5756,42.01,82,100,3.89,overcast clouds
262,Frontera,MX,26.9333,-101.45,87.8,19,1,9.22,clear sky
263,Umm Lajj,SA,25.0213,37.2685,68.31,51,0,10.96,clear sky
264,Kyzyl-Oktyabr,KG,42.769,75.7313,45.43,55,0,6.98,clear sky
265,Port Keats,AU,-14.25,129.55,83.98,70,13,1.88,few clouds
266,Kwinana,AU,-32.25,115.7667,64.99,88,90,9.22,light rain
267,Nicoya,CR,10.1483,-85.452,78.8,83,75,5.75,broken clouds
268,Shumskiy,RU,54.8318,99.1328,18.28,95,70,2.37,broken clouds
269,Kutum,SD,14.2,24.6667,70.74,11,47,11.14,scattered clouds
270,Noumea,NC,-22.2763,166.4572,79.0,94,90,6.91,moderate rain
271,Tura,IN,25.5198,90.2201,71.56,71,0,3.76,clear sky
272,Garmisch-Partenkirchen,DE,47.4921,11.0958,53.6,40,100,13.8,overcast clouds
273,Sohag,EG,26.557,31.6948,59.0,33,0,11.5,clear sky
274,Kununurra,AU,-15.7667,128.7333,77.0,83,98,3.44,overcast clouds
275,Gubkinskiy,RU,64.434,76.5026,23.07,90,55,8.43,broken clouds
276,Olafsvik,IS,64.8945,-23.7142,39.06,93,100,13.13,overcast clouds
277,Pangkalanbuun,ID,-2.6833,111.6167,75.04,97,79,0.67,light rain
278,Vila Franca Do Campo,PT,37.7167,-25.4333,60.8,100,75,10.36,mist
279,Quatre Cocos,MU,-20.2078,57.7625,79.0,78,75,11.5,light rain
280,Reo,BF,12.3167,-2.4667,90.7,8,8,7.07,clear sky
281,Aksu,CN,41.1231,80.2644,51.91,30,1,5.59,clear sky
282,Ratnagiri,IN,16.9833,73.3,80.08,73,58,3.83,broken clouds
283,Laguna,US,38.421,-121.4238,81.0,24,1,5.68,clear sky
284,Voyvozh,RU,62.892,54.9635,29.98,96,22,6.17,few clouds
285,Upata,VE,8.0086,-62.3989,74.12,87,100,4.83,overcast clouds
286,Kivsharivka,UA,49.6213,37.7036,41.31,64,28,7.36,scattered clouds
287,Bambanglipuro,ID,-7.95,110.2833,77.72,86,93,3.22,overcast clouds
288,Ribeira Grande,PT,38.5167,-28.7,62.1,90,100,15.39,overcast clouds
289,Saskylakh,RU,71.9167,114.0833,0.07,80,65,10.67,broken clouds
290,Isla Mujeres,MX,21.2311,-86.731,82.4,78,75,12.66,broken clouds
291,Port Blair,IN,11.6667,92.75,81.1,77,80,3.78,broken clouds
292,Fukuma,JP,33.7667,130.4667,54.0,58,0,5.75,clear sky
293,Guerrero Negro,MX,27.9769,-114.0611,66.24,62,99,19.55,overcast clouds
294,Axim,GH,4.8699,-2.2405,80.98,85,92,7.49,overcast clouds
295,Acarau,BR,-2.8856,-40.12,80.58,80,48,14.61,scattered clouds
296,Leopold,AU,-38.1833,144.4667,50.0,76,75,17.27,light rain
297,Tarko-Sale,RU,64.9225,77.785,17.04,96,68,3.33,broken clouds
298,Montepuez,MZ,-13.1256,38.9997,67.66,98,100,5.23,overcast clouds
299,Berlevag,NO,70.8578,29.0864,19.4,68,0,25.32,clear sky
300,Marrakesh,MA,31.6315,-8.0083,62.6,67,0,3.44,clear sky
301,Boyabat,TR,41.4689,34.7667,36.95,86,99,5.32,light rain
302,Cockburn Town,TC,21.4612,-71.1419,75.49,64,98,15.82,overcast clouds
303,Zeya,RU,53.75,127.2667,19.53,60,2,8.3,clear sky
304,Misratah,LY,32.3754,15.0925,59.88,64,92,20.38,overcast clouds
305,Nokaneng,BW,-19.6667,22.2667,66.49,45,0,6.67,clear sky
306,Cozumel,MX,20.5083,-86.9458,82.99,78,40,11.5,scattered clouds
307,Belozerskoye,RU,55.8214,65.5842,34.56,95,90,8.19,overcast clouds
308,Vangaindrano,MG,-23.35,47.6,72.07,94,39,4.03,scattered clouds
309,Iqaluit,CA,63.7506,-68.5145,23.0,86,90,16.11,overcast clouds
310,Morant Bay,JM,17.8815,-76.4093,80.6,69,75,18.41,broken clouds
311,Wamba,NG,8.9333,8.6,83.84,41,95,2.42,overcast clouds
312,Ulladulla,AU,-35.35,150.4667,57.2,41,1,18.41,clear sky
313,Port Hedland,AU,-20.3167,118.5667,78.8,94,81,2.3,broken clouds
314,Avera,US,33.194,-82.5271,73.4,73,40,12.66,scattered clouds
315,Kilindoni,TZ,-7.9139,39.6668,79.93,80,100,10.33,moderate rain
316,Ambulu,ID,-8.345,113.6058,76.21,89,34,2.64,scattered clouds
317,Nhulunbuy,AU,-12.2333,136.7667,86.0,79,90,4.61,overcast clouds
318,Birjand,IR,32.8663,59.2211,59.0,15,0,9.22,clear sky
319,Raudeberg,NO,61.9875,5.1352,34.0,92,92,6.38,snow
320,Ulfborg,DK,56.2673,8.3217,32.0,86,75,1.14,broken clouds
321,Aromashevo,RU,56.8602,68.6375,34.2,96,97,7.83,overcast clouds
322,Yulara,AU,-25.2406,130.9889,64.4,45,0,16.11,clear sky
323,Sarangani,PH,5.4033,125.4636,82.15,72,99,6.93,overcast clouds
324,Tahe,CN,52.3333,124.7333,22.3,45,75,8.72,broken clouds
325,Khorramshahr,IR,30.4397,48.1664,78.8,36,40,11.5,scattered clouds
326,Nouadhibou,MR,20.931,-17.0347,68.0,68,46,19.57,scattered clouds
327,Meulaboh,ID,4.1363,96.1285,76.91,87,58,4.14,broken clouds
328,Sao Lourenco Do Sul,BR,-31.3653,-51.9783,73.99,95,89,6.35,light rain
329,Asau,RO,46.4333,26.4,39.0,46,1,3.47,light rain
330,Cooma,AU,-36.2333,149.1333,41.0,75,7,13.8,clear sky
331,Opelousas,US,30.5335,-92.0815,80.6,61,1,5.75,clear sky
332,Bambous Virieux,MU,-20.3428,57.7575,79.0,78,75,11.5,light rain
333,Deputatskiy,RU,69.3,139.9,-10.35,86,10,2.93,clear sky
334,Hofn,IS,64.2539,-15.2082,31.37,52,94,5.35,overcast clouds
335,Leningradskiy,RU,69.3833,178.4167,-5.91,94,100,1.83,overcast clouds
336,Sao Felix Do Xingu,BR,-6.6447,-51.995,73.63,93,99,1.97,overcast clouds
337,Myaundzha,RU,63.0494,147.1858,-0.38,85,100,4.74,overcast clouds
338,Fairbanks,US,64.8378,-147.7164,16.0,31,1,10.36,clear sky
339,Chino Valley,US,34.7575,-112.4538,78.01,10,1,14.97,clear sky
340,Solyanka,RU,46.3889,48.0176,46.4,81,0,4.47,clear sky
341,Sola,VU,-13.8833,167.55,80.89,71,91,3.65,overcast clouds
342,Dalupaon,PH,13.5517,122.9457,79.3,69,40,11.43,scattered clouds
343,Kahului,US,20.8947,-156.47,78.8,53,40,11.5,scattered clouds
344,Kaa-Khem,RU,51.6833,94.7333,28.4,75,1,4.16,clear sky
345,Bosaso,SO,11.2842,49.1816,79.63,55,0,11.34,clear sky
346,Moyale,KE,3.5167,39.0584,68.05,77,72,5.37,light rain
347,Ouesso,CG,1.6136,16.0517,71.28,86,63,2.71,light rain
348,Kieta,PG,-6.2167,155.6333,78.19,91,100,6.71,moderate rain
349,Naftalan,AZ,40.5067,46.825,57.2,88,75,11.5,broken clouds
350,Totma,RU,59.9747,42.7642,35.19,79,35,11.68,scattered clouds
351,Acapulco,MX,16.8634,-99.8901,84.2,70,40,9.22,scattered clouds
352,Krasnoturansk,RU,54.3186,91.5639,21.2,73,0,3.18,clear sky
353,Guiglo,CI,6.5456,-7.4966,76.48,79,100,2.33,overcast clouds
354,Umtata,ZA,-31.5889,28.7844,63.34,86,96,1.86,overcast clouds
355,Ankazobe,MG,-18.3167,47.1167,62.6,94,40,4.61,scattered clouds
356,Bowling Green,US,36.9903,-86.4436,69.8,46,20,16.11,few clouds
357,Cody,US,44.5263,-109.0565,62.6,13,1,14.97,clear sky
358,Halifax,CA,44.6453,-63.5724,42.8,49,93,4.61,overcast clouds
359,Malaya Purga,RU,56.5567,53.0043,39.0,95,100,1.01,moderate rain
360,Roebourne,AU,-20.7833,117.1333,82.83,76,52,9.93,broken clouds
361,Tuatapere,NZ,-46.1333,167.6833,62.01,86,96,8.99,moderate rain
362,Omsukchan,RU,62.5333,155.8,-3.19,80,76,6.85,broken clouds
363,Mitchell,US,43.7094,-98.0298,60.8,18,1,3.44,clear sky
364,Kaitangata,NZ,-46.2817,169.8464,64.99,73,52,3.0,broken clouds
365,Rafai,CF,4.95,23.9167,69.1,92,98,1.74,overcast clouds
366,Mana,GF,5.6592,-53.7767,78.04,85,73,6.22,broken clouds
367,Pangnirtung,CA,66.1451,-65.7125,29.39,85,100,5.66,overcast clouds
368,Byron Bay,AU,-28.65,153.6167,73.4,49,47,13.8,scattered clouds
369,Kruisfontein,ZA,-34.0033,24.7314,58.62,87,89,3.09,overcast clouds
370,Lebu,CL,-37.6167,-73.65,53.19,85,0,9.46,clear sky
371,Ust-Kut,RU,56.7938,105.7672,7.72,94,59,1.45,broken clouds
372,Pacific Grove,US,36.6177,-121.9166,60.01,58,1,10.36,clear sky
373,Santa Cruz Do Capibaribe,BR,-7.9575,-36.2047,71.13,92,86,7.0,overcast clouds
374,Sitka,US,57.0531,-135.33,33.8,75,90,13.8,light snow
375,Samarinda,ID,-0.5,117.15,75.27,92,97,1.83,overcast clouds
376,San Policarpo,PH,12.1791,125.5072,80.49,78,75,10.2,broken clouds
377,Kupang,ID,-10.1667,123.5833,78.1,87,58,2.82,broken clouds
378,Surskoye,RU,54.4821,46.7214,34.61,99,100,5.7,overcast clouds
379,Hearst,CA,49.6835,-83.6665,55.4,67,77,3.44,broken clouds
380,Santa Rosa,PH,14.3122,121.1114,81.0,69,40,4.61,scattered clouds
381,Yangshe,CN,31.8899,120.6052,59.0,99,100,13.65,light rain
382,Araouane,ML,18.9048,-3.5265,89.01,9,0,8.12,clear sky
383,Ahipara,NZ,-35.1667,173.1667,71.83,69,5,2.93,clear sky
384,Gat,IL,31.61,34.7642,55.99,57,42,1.99,scattered clouds
385,Kirakira,SB,-10.4544,161.9205,83.93,70,97,7.23,light rain
386,Dongning,CN,44.0622,131.1207,46.42,44,28,2.93,scattered clouds
387,The Pas,CA,53.8251,-101.2541,41.0,60,75,6.91,broken clouds
388,Pipri,IN,19.8,75.5333,84.7,35,97,5.66,overcast clouds
389,Alekseyevsk,RU,57.8406,108.3492,4.96,94,37,1.83,scattered clouds
390,Luderitz,NA,-26.6481,15.1594,72.45,53,0,7.63,clear sky
391,Saint Thomas Mount,IN,12.9964,80.2031,78.8,83,20,2.3,mist
392,Dubbo,AU,-32.25,148.6167,55.4,58,40,17.27,scattered clouds
393,Abha,SA,18.2164,42.5053,64.4,23,20,5.75,few clouds
394,Road Town,VG,18.4167,-64.6167,77.0,57,20,10.36,few clouds
395,San Quintin,MX,30.4833,-115.95,65.43,68,58,15.32,broken clouds
396,Saint-Joseph,RE,-21.3667,55.6167,78.8,78,0,4.61,clear sky
397,Karratha,AU,-20.7377,116.8463,83.17,75,57,12.73,broken clouds
398,Ust-Maya,RU,60.4167,134.5333,19.56,94,100,6.38,snow
399,Bilma,NE,18.6853,12.9164,84.51,7,89,9.82,overcast clouds
400,Necochea,AR,-38.5473,-58.7368,57.0,92,100,1.99,light rain
401,Garowe,SO,8.4054,48.4845,70.48,78,0,7.76,clear sky
402,Parrita,CR,9.5201,-84.3225,75.2,64,40,3.44,scattered clouds
403,Dingle,PH,10.9995,122.6711,78.1,81,59,6.78,moderate rain
404,Dukat,RU,62.55,155.55,-5.62,83,92,6.82,overcast clouds
405,Vaasa,FI,63.096,21.6158,30.99,93,0,5.75,clear sky
406,Mount Isa,AU,-20.7333,139.5,73.4,40,20,19.57,few clouds
407,Matara,LK,5.9485,80.5353,76.33,85,25,2.37,scattered clouds
408,Pak Chong,TH,14.708,101.4161,80.01,83,80,0.56,broken clouds
409,Sangar,RU,63.9242,127.4739,11.35,75,100,1.92,overcast clouds
410,Nazarovo,RU,56.0064,90.3914,22.35,96,13,1.25,few clouds
411,Kurilsk,RU,45.2333,147.8833,33.76,84,10,9.84,clear sky
412,Balabac,PH,7.9868,117.0645,82.22,77,39,12.5,scattered clouds
413,Puerto Leguizamo,CO,-0.1934,-74.7819,75.45,90,95,1.43,overcast clouds
414,Tucumcari,US,35.1717,-103.725,73.4,12,1,10.36,clear sky
415,Campbell River,CA,50.0163,-125.2446,48.99,37,40,5.75,scattered clouds
416,Shubarkuduk,KZ,49.1447,56.4872,44.47,71,53,15.1,broken clouds
417,Yumaguzino,RU,52.9041,56.3933,36.05,80,72,7.99,broken clouds
418,Gimli,CA,50.6336,-96.9907,41.0,56,64,5.75,broken clouds
419,Baykit,RU,61.67,96.37,11.46,98,81,1.5,broken clouds
420,Norman,US,35.2226,-97.4395,66.99,26,1,16.11,clear sky
421,Cap-Aux-Meules,CA,47.3821,-61.8597,32.0,74,30,14.97,scattered clouds
422,Hay River,CA,60.8156,-115.7999,6.8,56,100,4.61,overcast clouds
423,Terrace,CA,54.5163,-128.6035,37.4,60,75,11.5,broken clouds
424,Sao Gabriel Da Cachoeira,BR,-0.1303,-67.0892,73.72,97,70,2.91,broken clouds
425,Nouakchott,MR,18.0858,-15.9785,73.4,73,79,14.97,broken clouds
426,Zyryanka,RU,65.75,150.85,-2.47,88,100,14.61,overcast clouds
427,Bulawayo,ZW,-20.15,28.5833,58.59,70,0,9.13,clear sky
428,Salta,AR,-24.7859,-65.4117,71.6,88,0,1.34,clear sky
429,Shelburne,CA,44.0787,-80.2041,69.8,46,1,9.22,clear sky
430,Kavieng,PG,-2.5744,150.7967,81.99,74,100,7.38,light rain
431,Myre,NO,69.1036,15.9492,35.6,87,75,21.85,light snow
432,Saint-Pierre,RE,-21.3393,55.4781,78.8,69,90,5.75,overcast clouds
433,Sarai Naurang,PK,32.8259,70.7814,73.17,35,73,6.22,broken clouds
434,Bonavista,CA,48.6499,-53.1147,33.01,100,100,6.91,heavy intensity rain
435,Muisne,EC,0.6,-80.0333,84.2,79,20,5.75,few clouds
436,Talara,PE,-4.5772,-81.2719,75.2,69,75,14.97,broken clouds
437,Iquitos,PE,-3.7481,-73.2472,82.4,83,40,3.44,scattered clouds
438,Batticaloa,LK,7.7102,81.6924,78.37,81,66,5.82,broken clouds
439,Dharampur,IN,20.5333,73.1833,79.47,51,36,4.85,scattered clouds
440,Madikeri,IN,12.4167,75.7333,63.88,96,53,0.16,broken clouds
441,Gewane,ET,10.1664,40.6453,79.61,49,45,4.32,scattered clouds
442,Dandong,CN,40.1292,124.3947,48.96,63,100,4.72,overcast clouds
443,Tonshayevo,RU,57.736,47.0127,29.37,97,90,2.35,overcast clouds
444,Kelheim,DE,48.9167,11.8667,48.99,71,100,2.3,overcast clouds
445,Prince Albert,CA,53.2001,-105.7677,51.8,32,20,11.5,few clouds
446,Kungurtug,RU,50.5994,97.5228,18.77,95,96,3.02,overcast clouds
447,Petropavlovsk-Kamchatskiy,RU,53.0452,158.6483,35.6,48,0,4.47,clear sky
448,Inongo,CD,-1.95,18.2667,72.66,94,82,3.71,light rain
449,Bathsheba,BB,13.2167,-59.5167,78.8,65,20,8.05,volcanic ash
450,Rawson,AR,-43.3002,-65.1023,64.4,41,1,8.03,clear sky
451,Punto Fijo,VE,11.6956,-70.1996,79.95,72,92,26.93,overcast clouds
452,Veraval,IN,20.9,70.3667,78.1,64,0,13.53,clear sky
453,La Esperanza,GT,14.8667,-91.5667,73.99,77,75,9.22,broken clouds
454,Canutama,BR,-6.5339,-64.3831,74.73,96,94,2.06,overcast clouds
455,Pandan,PH,14.0453,124.1694,79.45,77,76,9.95,broken clouds
456,Naryan-Mar,RU,67.6713,53.087,37.53,87,100,21.0,overcast clouds
457,Hakui,JP,36.8833,136.7833,54.0,24,0,1.01,clear sky
458,Yatou,CN,37.15,122.3833,50.14,73,72,7.63,broken clouds
459,Oranjestad,AW,12.524,-70.027,80.6,78,20,20.71,few clouds
460,Talca,CL,-35.4333,-71.6667,60.8,48,0,4.61,clear sky
461,Nurota,UZ,40.5614,65.6886,53.6,66,0,4.61,clear sky
462,Skjervoy,NO,70.0311,20.9714,34.7,75,100,19.91,snow
463,Ketchikan,US,55.3422,-131.6461,39.2,81,90,5.75,light snow
464,Myitkyina,MM,25.3833,97.4,68.83,74,64,2.48,broken clouds
465,Kismayo,SO,-0.3582,42.5454,82.29,78,85,11.34,overcast clouds
466,Bandarbeyla,SO,9.4942,50.8122,78.01,72,0,6.76,clear sky
467,Saint George,US,37.1041,-113.5841,82.99,7,1,11.5,clear sky
468,Jumla,NP,29.2747,82.1838,40.23,24,0,5.46,clear sky
469,Isangel,VU,-19.55,169.2667,79.57,84,100,10.8,overcast clouds
470,Apache Junction,US,33.4151,-111.5496,91.99,6,20,11.5,few clouds
471,Priargunsk,RU,50.3691,119.1012,32.31,45,57,7.92,broken clouds
472,Tenenkou,ML,14.4572,-4.9169,90.45,7,0,9.08,clear sky
473,Phonhong,LA,18.5007,102.4166,77.0,78,75,9.22,broken clouds
474,Foz,ES,43.5692,-7.2544,50.0,100,100,8.99,overcast clouds
475,Povenets,RU,62.8487,34.8262,30.96,86,90,12.21,overcast clouds
476,Svetlyy,RU,54.675,20.1347,35.6,80,0,2.24,clear sky
477,Orodara,BF,10.9492,-4.9342,89.6,37,0,6.91,clear sky
478,Sao Joao Dos Patos,BR,-6.495,-43.7022,75.96,64,99,3.29,overcast clouds
479,Ribeira Brava,PT,32.65,-17.0667,60.01,90,91,2.66,overcast clouds
480,Makakilo City,US,21.3469,-158.0858,78.8,53,75,11.5,broken clouds
481,Wajir,KE,1.7471,40.0573,78.94,71,100,13.35,overcast clouds
482,Severnyy-Kospashskiy,RU,59.0925,57.8008,39.99,83,100,1.01,overcast clouds
483,Mbanza-Ngungu,CD,-5.25,14.8667,66.13,92,99,1.66,overcast clouds
484,Blagoyevo,RU,63.3667,47.9167,35.56,85,100,11.7,overcast clouds
485,Dudinka,RU,69.4058,86.1778,13.24,97,73,4.59,broken clouds
486,Mawlamyine,MM,16.4914,97.6256,79.02,78,69,3.15,broken clouds
487,Santa Isabel Do Rio Negro,BR,-0.4139,-65.0192,78.66,80,91,2.39,overcast clouds
488,Coahuayana,MX,18.7333,-103.6833,84.2,39,1,7.27,clear sky
489,Estelle,US,29.8458,-90.1067,77.0,83,75,14.97,broken clouds
490,Deer Park,US,29.7052,-95.1238,84.2,18,1,16.11,clear sky
491,Lovington,US,32.944,-103.3485,73.99,11,0,5.01,clear sky
492,Dong Hoi,VN,17.4833,106.6,75.25,91,51,7.29,broken clouds
493,Clyde River,CA,70.4692,-68.5914,32.0,55,90,17.27,overcast clouds
494,Luena,AO,-11.7833,19.9167,58.1,93,41,2.57,scattered clouds
495,Winnemucca,US,40.973,-117.7357,71.6,13,1,13.8,clear sky
496,Voznesenye,RU,61.0106,35.4781,33.03,79,67,11.77,broken clouds
497,Alugan,PH,12.2188,125.4808,80.13,79,76,9.69,broken clouds
498,Samarai,PG,-10.6167,150.6667,82.45,67,95,12.75,overcast clouds
499,Owando,CG,-0.4819,15.8999,71.53,93,92,2.73,overcast clouds
500,Quimper,FR,48.0,-4.1,42.8,87,0,9.22,clear sky
501,Monte Alegre De Minas,BR,-18.8706,-48.8808,69.8,56,0,3.44,clear sky
502,Darhan,MN,49.4867,105.9228,30.7,54,100,18.75,overcast clouds
503,Talnakh,RU,69.4865,88.3972,28.13,97,100,4.92,light snow
504,Broken Hill,AU,-31.95,141.4333,55.4,62,40,19.57,scattered clouds
505,Merauke,ID,-8.4667,140.3333,80.01,81,82,6.51,broken clouds
506,Qesarya,IL,32.5189,34.9046,57.0,62,40,14.5,scattered clouds
507,Kabompo,ZM,-13.5927,24.2008,59.81,77,8,4.54,clear sky
508,San Patricio,US,28.017,-97.5169,88.0,51,1,16.11,clear sky
509,Vawkavysk,BY,53.1561,24.4513,47.01,78,99,2.33,overcast clouds
510,Champerico,GT,14.3,-91.9167,87.8,74,20,9.22,few clouds
511,Vila Velha,BR,-20.3297,-40.2925,77.0,78,20,3.44,few clouds
512,Springbok,ZA,-29.6643,17.8865,69.75,35,6,1.86,clear sky
513,Launceston,AU,-41.45,147.1667,48.2,61,40,5.75,scattered clouds
514,Praya,CV,14.9215,-23.5087,73.4,53,0,16.11,clear sky
515,Maceio,BR,-9.6658,-35.7353,71.6,100,75,3.44,broken clouds
516,Virginia Beach,US,36.8529,-75.978,69.01,72,75,9.22,broken clouds
517,Clovis,US,36.8252,-119.7029,78.01,23,75,9.22,broken clouds
518,Sosnovoborsk,RU,56.1325,93.3589,17.6,79,0,2.24,clear sky
519,Normandin,CA,48.8333,-72.5321,55.4,44,100,11.5,overcast clouds
520,Souillac,MU,-20.5167,57.5167,78.8,78,75,11.5,broken clouds
521,Camacupa,AO,-12.0167,17.4833,64.11,68,100,1.32,overcast clouds
522,Maraba,BR,-5.3686,-49.1178,75.34,88,61,2.98,broken clouds
523,Sale,MA,34.0389,-6.8166,60.01,100,20,2.06,few clouds
524,Lafia,NG,8.4833,8.5167,88.36,39,98,6.55,overcast clouds
525,Vila Do Maio,CV,15.1333,-23.2167,73.4,53,0,16.11,clear sky
526,Tyukhtet,RU,56.5389,89.3011,22.68,96,15,1.34,few clouds
527,The Valley,AI,18.217,-63.0578,77.0,60,20,5.75,few clouds
528,Chateaudun,FR,48.0833,1.3333,48.2,93,90,9.22,overcast clouds
529,Tumaco,CO,1.7986,-78.8156,78.62,83,68,6.4,broken clouds
530,Carberry,CA,49.8689,-99.3602,62.6,20,40,6.91,scattered clouds
531,Madimba,TZ,-10.4,40.3333,75.06,92,97,7.31,moderate rain
532,Nome,US,64.5011,-165.4064,12.99,52,75,19.57,broken clouds
533,Awjilah,LY,29.1081,21.2869,59.43,27,62,8.68,broken clouds
534,Koubia,GN,11.5833,-11.9,80.37,33,73,4.32,broken clouds
535,Flinders,AU,-34.5833,150.8552,60.01,52,0,8.01,clear sky
536,Kokorevka,RU,52.5872,34.2778,37.13,69,0,4.45,clear sky
537,Amurzet,RU,47.6967,131.0981,48.42,50,100,8.5,overcast clouds
538,Bacsalmas,HU,46.1265,19.3326,45.72,63,18,6.6,few clouds
539,Jashpurnagar,IN,22.9,84.15,70.14,56,6,1.3,clear sky
540,Malanje,AO,-9.5402,16.341,63.88,95,100,2.46,light rain
541,Tonj,SS,7.2737,28.6822,82.94,46,96,6.33,overcast clouds
542,Te Anau,NZ,-45.4167,167.7167,55.92,94,100,3.49,overcast clouds
543,Tarakeswar,IN,22.885,88.0172,80.6,94,40,9.22,haze
544,Muli,MV,2.9167,73.5667,82.54,74,22,10.36,few clouds
545,Itanagar,IN,27.1,93.6167,66.07,76,13,3.44,few clouds
546,Gravdal,NO,68.1214,13.5031,35.29,90,100,21.59,light snow
547,El Naranjo,MX,21.4667,-98.6,101.61,25,0,20.11,clear sky
548,Ixtapa,MX,20.7,-105.2,80.01,73,20,14.97,few clouds
549,Stornoway,GB,58.2093,-6.3865,26.6,100,86,2.3,light snow
550,Danjiangkou,CN,32.5428,111.5086,55.4,79,100,2.84,heavy intensity rain
551,Mangai,CD,-4.05,19.5333,70.74,95,97,1.86,overcast clouds
552,Iracoubo,GF,5.4802,-53.2011,78.12,85,69,6.93,light rain
553,Anadyr,RU,64.75,177.4833,8.6,56,100,6.71,overcast clouds
554,Minab,IR,27.1467,57.0801,75.2,78,2,6.91,clear sky
555,Yaan,NG,7.3833,8.5667,82.44,65,94,14.41,overcast clouds
556,Tambura,SS,5.6,27.4667,71.55,79,100,4.21,overcast clouds
557,Rovaniemi,FI,66.5,25.7167,26.6,100,90,10.36,overcast clouds
558,Tazovskiy,RU,67.4667,78.7,17.58,98,24,9.01,few clouds
559,High Level,CA,58.5169,-117.136,23.0,46,75,17.27,broken clouds
560,Beringovskiy,RU,63.05,179.3167,7.93,92,100,22.44,light snow
561,Aldan,RU,58.6031,125.3894,5.72,89,100,11.12,overcast clouds
562,Contamana,PE,-7.3333,-75.0167,76.33,93,74,2.3,heavy intensity rain
563,Eseka,CM,3.65,10.7667,74.64,99,100,1.83,light rain
564,Bessonovka,RU,53.3097,45.0407,39.99,68,100,8.05,overcast clouds
565,Akyab,MM,20.15,92.9,76.05,86,3,5.86,clear sky
566,Caraquet,CA,47.7941,-64.9386,32.0,69,34,2.3,scattered clouds
567,Orlik,RU,52.5178,99.825,12.4,88,60,2.57,broken clouds
568,Tuy Hoa,VN,13.0833,109.3,75.92,87,38,3.51,scattered clouds
569,Goderich,CA,43.7501,-81.7165,71.6,43,100,10.36,overcast clouds
570,Lasa,IT,46.6166,10.7002,48.0,87,75,6.91,broken clouds
571,Da Nang,VN,16.0678,108.2208,75.2,94,20,3.76,few clouds
572,Zalesovo,RU,53.9939,84.7431,29.5,87,5,6.08,clear sky
573,Bairiki,KI,1.3292,172.9752,84.2,74,40,9.22,scattered clouds
574,San Cristobal,VE,7.7669,-72.225,82.4,74,40,6.91,scattered clouds
575,Mehamn,NO,71.0357,27.8492,28.35,59,54,17.76,broken clouds
576,Vertientes,CU,21.2594,-78.1464,80.6,57,20,10.36,few clouds
577,Puerto Carreno,CO,6.189,-67.4859,74.71,91,100,5.17,overcast clouds
578,Mazagao,BR,-0.115,-51.2894,75.2,100,90,3.44,overcast clouds
579,Alekseyevka,RU,50.6309,38.6903,40.82,67,53,8.28,broken clouds
580,Rusape,ZW,-18.5278,32.1284,52.9,92,0,2.66,clear sky
581,Ucluelet,CA,48.9329,-125.5528,50.0,61,20,21.85,few clouds
582,Galle,LK,6.0367,80.217,78.55,76,7,1.36,clear sky
583,Marienburg,PL,54.0359,19.0266,39.99,65,100,4.68,overcast clouds
584,Makat,KZ,47.6469,53.3463,60.96,47,14,19.13,few clouds
585,Alegria,PH,9.4669,125.5772,77.88,85,100,4.38,heavy intensity rain
586,Chimbote,PE,-9.0853,-78.5783,69.66,86,86,7.7,overcast clouds
587,Kjopsvik,NO,68.097,16.3742,36.0,100,90,17.27,snow
588,Pochutla,MX,15.7432,-96.4661,84.99,65,20,17.27,few clouds
589,Lodingen,NO,68.414,15.9951,34.0,100,90,17.27,light snow
590,Vitim,RU,59.4511,112.5578,2.43,97,95,3.24,overcast clouds
591,Nara,JP,34.6851,135.8049,52.0,62,0,1.14,clear sky
592,Salina,US,38.8403,-97.6114,63.0,27,1,16.11,clear sky
593,Aksarka,RU,66.5606,67.7975,27.27,89,95,12.12,overcast clouds
594,Bull Savanna,JM,17.8868,-77.5902,77.56,76,59,12.82,broken clouds
595,Yarmouth,US,41.7057,-70.2286,55.0,87,75,16.11,broken clouds
596,Praia Da Vitoria,PT,38.7333,-27.0667,61.0,100,75,19.77,light intensity drizzle
597,Lieto,FI,60.5103,22.4618,35.6,80,0,9.22,clear sky
598,Peniche,PT,39.3558,-9.3811,59.0,91,8,1.99,clear sky
599,Adrar,MR,20.5022,-10.0711,78.98,19,2,14.32,clear sky
600,Luanda,AO,-8.8368,13.2343,78.8,83,75,5.75,broken clouds
601,Seara,PT,41.1818,-7.8003,55.0,91,93,2.06,overcast clouds
602,Saint Anthony,US,45.0205,-93.218,48.2,61,90,13.8,overcast clouds
603,Tartagal,AR,-22.5164,-63.8013,82.0,74,28,1.99,scattered clouds
604,Abbeyleix,IE,52.8992,-7.3575,33.01,93,100,3.0,overcast clouds
605,Northam,GB,51.0333,-4.2167,41.0,79,22,8.01,few clouds
606,Neryungri,RU,56.6709,124.6491,6.15,88,78,7.25,broken clouds
607,Linjiang,CN,41.8069,126.9078,48.47,55,86,3.62,overcast clouds
608,Tessaoua,NE,13.7574,7.9874,83.16,5,100,9.48,overcast clouds
609,Abu Samrah,SY,35.3029,37.1841,44.69,77,33,15.7,scattered clouds
610,Yorosso,ML,12.3536,-4.7761,87.91,7,1,4.81,clear sky
611,Mezhgorye,UA,44.9667,34.4167,37.4,72,91,3.74,overcast clouds
612,Kalmunai,LK,7.4167,81.8167,77.94,81,62,5.01,broken clouds
613,Zhuhai,CN,22.2769,113.5678,72.0,83,40,14.97,scattered clouds
614,Outjo,NA,-20.1167,16.15,64.22,42,0,9.93,clear sky
615,Rio Do Sul,BR,-27.2142,-49.6431,72.0,90,58,1.68,broken clouds
616,Ambon,ID,-3.6954,128.1814,78.8,78,20,5.75,few clouds
617,Nyurba,RU,63.2842,118.3319,6.04,91,100,7.81,overcast clouds
618,Saurimo,AO,-9.6608,20.3916,60.94,97,88,3.98,overcast clouds
619,Beinamar,TD,8.6698,15.3813,85.32,42,96,4.59,overcast clouds
620,Morondava,MG,-20.2833,44.2833,77.13,71,100,7.16,overcast clouds
621,Ambilobe,MG,-13.2,49.05,72.52,92,99,3.11,overcast clouds
622,Escanaba,US,45.7453,-87.0646,55.0,87,90,4.61,overcast clouds
623,Okhotsk,RU,59.3833,143.3,22.87,76,100,28.88,overcast clouds
624,Baghdad,IQ,33.3406,44.4009,66.2,39,0,24.16,clear sky
625,Manakara,MG,-22.1333,48.0167,73.99,92,99,3.98,overcast clouds
626,Rocha,UY,-34.4833,-54.3333,67.3,99,100,9.1,moderate rain
627,Kot Diji,PK,27.3427,68.7083,69.8,73,0,4.61,haze
628,Recke,DE,52.3833,7.7167,46.4,100,75,6.91,moderate rain
629,Mapiripan,CO,2.8892,-72.1256,73.6,95,99,2.91,moderate rain
630,Port Macquarie,AU,-31.4333,152.9167,69.01,50,1,1.99,clear sky
631,Mahon,ES,39.8885,4.2658,51.8,93,0,5.75,clear sky
632,Ferrol,ES,43.4832,-8.2369,52.0,100,75,6.91,broken clouds
633,Pomabamba,PE,-8.8333,-77.4667,50.94,83,100,3.38,moderate rain
634,Coquimbo,CL,-29.9533,-71.3436,59.0,77,0,8.05,clear sky
635,Melfi,IT,40.9965,15.6514,39.99,86,95,1.01,overcast clouds
636,Auki,SB,-8.7676,160.7034,83.52,70,100,3.11,overcast clouds
637,Bilibino,RU,68.0546,166.4372,1.74,65,98,3.74,overcast clouds
638,Kamenka,RU,51.3223,42.7678,39.0,91,90,11.74,overcast clouds
639,Hastings,GB,50.8552,0.5729,39.99,80,100,5.99,overcast clouds
640,Mukhen,RU,48.1,136.1,48.87,34,91,11.48,overcast clouds
641,Kupino,RU,54.3663,77.2981,33.96,87,100,8.03,overcast clouds
642,Ponta Delgada,PT,37.7333,-25.6667,60.8,100,75,10.36,mist
643,Balzers,LI,47.0667,9.5,48.0,74,100,1.99,overcast clouds
644,Rochelle,FR,46.25,-1.0,53.6,87,90,9.22,overcast clouds
645,Honningsvag,NO,70.9821,25.9704,32.5,65,65,28.54,light snow
646,Houston,US,29.7633,-95.3633,84.2,24,1,13.8,clear sky
647,Leshukonskoye,RU,64.8989,45.7622,37.85,92,100,13.89,overcast clouds
648,Toppenish,US,46.3774,-120.3087,53.6,22,1,16.11,clear sky
649,Sur,OM,22.5667,59.5289,79.66,62,1,10.71,clear sky
650,Labuhan,ID,-6.8844,112.2051,77.79,88,83,6.46,moderate rain
651,Posse,BR,-14.0931,-46.3694,76.15,49,100,4.38,overcast clouds
652,Hami,CN,42.8,93.45,50.72,37,45,11.88,scattered clouds
653,Chapais,CA,49.7834,-74.8492,59.0,47,1,9.22,clear sky
654,Cardston,CA,49.2,-113.3019,37.4,86,84,18.41,light snow
655,Pulandian,CN,39.3953,121.9669,51.8,76,0,6.71,clear sky
656,Mugan,CN,35.9404,101.3842,38.34,89,99,1.81,overcast clouds
657,Samfya,ZM,-11.3649,29.5565,63.52,90,100,6.96,light rain
658,Kortkeros,RU,61.8106,51.5806,32.0,59,0,6.71,clear sky
659,Aswan,EG,24.0934,32.907,63.16,25,0,15.77,clear sky
660,West Fargo,US,46.875,-96.9004,57.2,35,1,3.44,clear sky
661,Bajil,YE,15.0584,43.2851,80.17,52,28,6.11,scattered clouds
662,Ozinki,RU,51.1786,49.6769,59.58,54,76,19.3,broken clouds
663,Puerto Cabezas,NI,14.0351,-83.3888,82.4,89,75,6.91,broken clouds
664,Markova,UA,48.6758,24.4138,37.17,80,7,5.32,clear sky
665,Teya,RU,60.3778,92.6267,23.9,96,96,3.71,overcast clouds
666,Gilgit,PK,35.9221,74.3087,51.37,57,88,1.95,overcast clouds
667,Sambava,MG,-14.2667,50.1667,75.0,89,100,6.26,overcast clouds
668,Hannibal,US,39.7084,-91.3585,46.4,93,90,19.57,moderate rain
669,Kawardha,IN,22.0167,81.25,79.07,33,42,5.28,scattered clouds
670,Pucallpa,PE,-8.3791,-74.5539,77.0,88,75,2.3,broken clouds
671,Staphorst,NL,52.645,6.2111,36.0,90,100,4.0,overcast clouds
672,America Dourada,BR,-11.4553,-41.4361,68.5,88,44,7.11,scattered clouds
673,Lethem,GY,3.3803,-59.7968,81.03,71,98,6.46,overcast clouds
674,Khawhai,IN,23.3667,93.1167,54.64,85,61,2.62,broken clouds
675,Nyuksenitsa,RU,60.4128,44.2397,33.91,84,23,10.71,few clouds
676,Okoneshnikovo,RU,54.8377,75.0834,32.81,88,100,6.22,overcast clouds
677,Lewiston,US,44.1003,-70.2148,66.2,42,41,5.75,scattered clouds
678,Vengerovo,RU,55.6848,76.7471,31.03,94,76,2.84,broken clouds
679,Pindiga,NG,9.9833,10.9333,85.71,22,100,2.71,overcast clouds
680,Hadrut,AZ,39.52,47.0318,51.55,82,46,4.85,scattered clouds
681,Berberati,CF,4.2612,15.7922,71.55,86,64,2.26,broken clouds
682,Livingstonia,MW,-10.606,34.1063,62.69,90,100,4.92,moderate rain
683,Kuching,MY,1.55,110.3333,75.2,94,40,3.44,light rain
684,Chany,RU,55.3121,76.7647,32.85,91,100,3.96,overcast clouds
685,Killybegs,IE,54.6333,-8.45,37.4,81,75,8.05,broken clouds
686,Martapura,ID,-3.4167,114.85,75.2,100,40,3.44,scattered clouds
687,Ilam,NP,26.9167,87.9167,63.28,21,0,6.93,clear sky
688,Wuwei,CN,37.9281,102.6414,47.12,41,92,3.27,overcast clouds
689,Tongliao,CN,43.6125,122.2653,56.68,45,100,18.16,overcast clouds
690,Nieuw Amsterdam,SR,5.8833,-55.0833,81.0,83,40,4.61,scattered clouds
691,Tondano,ID,1.3038,124.9112,75.2,94,20,1.14,few clouds
692,Alice Springs,AU,-23.7,133.8833,64.99,48,0,13.8,clear sky
693,Manzanillo,CU,20.3433,-77.1167,83.5,59,84,6.76,broken clouds
